Date,Open,High,Low,Close,Adj Close,Volume,Dividends,Stock Splits
2025-09-10 00:00:00+03:00,27.31999969482422,27.31999969482422,26.600000381469727,26.6200008392334,26.6200008392334,2327795,0.0,0.0
2025-09-11 00:00:00+03:00,26.6200008392334,27.079999923706055,25.780000686645508,25.8799991607666,25.8799991607666,2427748,0.0,0.0
2025-09-12 00:00:00+03:00,26.0,26.059999465942383,24.5,24.899999618530273,24.899999618530273,4141628,0.0,0.0
2025-09-15 00:00:00+03:00,24.899999618530273,26.760000228881836,24.600000381469727,26.6200008392334,26.6200008392334,4119635,0.0,0.0
2025-09-16 00:00:00+03:00,26.6200008392334,27.780000686645508,26.600000381469727,27.600000381469727,27.600000381469727,3242491,0.0,0.0
2025-09-17 00:00:00+03:00,27.600000381469727,28.15999984741211,27.440000534057617,27.6200008392334,27.6200008392334,3169497,0.0,0.0
2025-09-18 00:00:00+03:00,27.8799991607666,28.299999237060547,27.540000915527344,27.600000381469727,27.600000381469727,3003226,0.0,0.0
2025-09-19 00:00:00+03:00,27.799999237060547,28.84000015258789,27.459999084472656,28.420000076293945,28.420000076293945,4483431,0.0,0.0
2025-09-22 00:00:00+03:00,29.0,29.3799991607666,28.639999389648438,29.18000030517578,29.18000030517578,4315894,0.0,0.0
2025-09-23 00:00:00+03:00,28.8799991607666,29.260000228881836,28.299999237060547,28.780000686645508,28.780000686645508,3797278,0.0,0.0
2025-09-24 00:00:00+03:00,28.780000686645508,28.979999542236328,28.020000457763672,28.280000686645508,28.280000686645508,3169385,0.0,0.0
2025-09-25 00:00:00+03:00,28.420000076293945,28.600000381469727,27.959999084472656,28.059999465942383,28.059999465942383,1954144,0.0,0.0
2025-09-26 00:00:00+03:00,28.059999465942383,28.280000686645508,27.520000457763672,27.579999923706055,27.579999923706055,2069519,0.0,0.0
2025-09-29 00:00:00+03:00,27.579999923706055,27.8799991607666,27.079999923706055,27.1200008392334,27.1200008392334,2088518,0.0,0.0
2025-09-30 00:00:00+03:00,27.139999389648438,27.6200008392334,26.15999984741211,26.700000762939453,26.700000762939453,2225916,0.0,0.0
2025-10-01 00:00:00+03:00,26.700000762939453,27.34000015258789,26.34000015258789,26.8799991607666,26.8799991607666,1790651,0.0,0.0
2025-10-02 00:00:00+03:00,26.920000076293945,27.18000030517578,26.260000228881836,26.34000015258789,26.34000015258789,1805727,0.0,0.0
2025-10-03 00:00:00+03:00,26.34000015258789,26.540000915527344,26.15999984741211,26.260000228881836,26.260000228881836,1551968,0.0,0.0
2025-10-06 00:00:00+03:00,26.34000015258789,26.6200008392334,25.799999237060547,25.84000015258789,25.84000015258789,1842968,0.0,0.0
2025-10-07 00:00:00+03:00,25.959999084472656,26.299999237060547,25.639999389648438,26.139999389648438,26.139999389648438,1706672,0.0,0.0
2025-10-08 00:00:00+03:00,26.3799991607666,26.3799991607666,25.6200008392334,25.65999984741211,25.65999984741211,1758613,0.0,0.0
2025-10-09 00:00:00+03:00,25.799999237060547,27.760000228881836,25.6200008392334,25.979999542236328,25.979999542236328,6568193,0.0,0.0
2025-10-10 00:00:00+03:00,26.020000457763672,26.3799991607666,25.899999618530273,26.1200008392334,26.1200008392334,1750374,0.0,0.0
2025-10-13 00:00:00+03:00,25.8799991607666,25.979999542236328,25.040000915527344,25.040000915527344,25.040000915527344,2350487,0.0,0.0
2025-10-14 00:00:00+03:00,25.040000915527344,25.239999771118164,24.360000610351562,24.399999618530273,24.399999618530273,2106258,0.0,0.0
2025-10-15 00:00:00+03:00,24.5,24.780000686645508,24.360000610351562,24.639999389648438,24.639999389648438,2071260,0.0,0.0
2025-10-16 00:00:00+03:00,24.639999389648438,24.920000076293945,24.0,24.079999923706055,24.079999923706055,2708346,0.0,0.0
2025-10-17 00:00:00+03:00,24.139999389648438,24.31999969482422,23.260000228881836,23.979999542236328,23.979999542236328,3079575,0.0,0.0
2025-10-20 00:00:00+03:00,24.020000457763672,24.399999618530273,23.700000762939453,24.200000762939453,24.200000762939453,2047151,0.0,0.0
2025-10-21 00:00:00+03:00,24.219999313354492,24.600000381469727,23.979999542236328,24.299999237060547,24.299999237060547,1990579,0.0,0.0
2025-10-22 00:00:00+03:00,24.34000015258789,24.700000762939453,24.040000915527344,24.139999389648438,24.139999389648438,2094348,0.0,0.0
2025-10-23 00:00:00+03:00,24.15999984741211,24.34000015258789,23.84000015258789,23.899999618530273,23.899999618530273,1863667,0.0,0.0
2025-10-24 00:00:00+03:00,23.920000076293945,25.079999923706055,23.920000076293945,25.079999923706055,25.079999923706055,3152366,0.0,0.0
2025-10-27 00:00:00+03:00,25.040000915527344,25.31999969482422,24.799999237060547,24.959999084472656,24.959999084472656,1682170,0.0,0.0
2025-10-28 00:00:00+03:00,24.959999084472656,25.200000762939453,24.65999984741211,25.040000915527344,25.040000915527344,1089154,0.0,0.0
2025-10-30 00:00:00+03:00,25.100000381469727,27.260000228881836,25.100000381469727,26.68000030517578,26.68000030517578,5100472,0.0,0.0
2025-10-31 00:00:00+03:00,26.6200008392334,27.15999984741211,26.459999084472656,26.799999237060547,26.799999237060547,2655525,0.0,0.0
2025-11-03 00:00:00+03:00,27.0,27.68000030517578,26.940000534057617,27.059999465942383,27.059999465942383,2356980,0.0,0.0
2025-11-04 00:00:00+03:00,27.479999542236328,27.479999542236328,26.8799991607666,26.920000076293945,26.920000076293945,2029159,0.0,0.0
2025-11-05 00:00:00+03:00,26.719999313354492,27.260000228881836,26.299999237060547,26.600000381469727,26.600000381469727,2411141,0.0,0.0
2025-11-06 00:00:00+03:00,26.700000762939453,27.059999465942383,26.31999969482422,26.520000457763672,26.520000457763672,1804862,0.0,0.0
2025-11-07 00:00:00+03:00,26.520000457763672,26.700000762939453,26.079999923706055,26.18000030517578,26.18000030517578,1788877,0.0,0.0
2025-11-10 00:00:00+03:00,26.239999771118164,26.479999542236328,25.799999237060547,26.31999969482422,26.31999969482422,1730599,0.0,0.0
2025-11-11 00:00:00+03:00,26.579999923706055,26.579999923706055,24.299999237060547,24.899999618530273,24.899999618530273,2838954,0.0,0.0
2025-11-12 00:00:00+03:00,25.020000457763672,25.260000228881836,24.1200008392334,24.299999237060547,24.299999237060547,1688868,0.0,0.0
2025-11-13 00:00:00+03:00,24.459999084472656,24.84000015258789,24.239999771118164,24.31999969482422,24.31999969482422,1625020,0.0,0.0
2025-11-14 00:00:00+03:00,24.260000228881836,24.559999465942383,23.81999969482422,23.940000534057617,23.940000534057617,1316676,0.0,0.0
2025-11-17 00:00:00+03:00,24.15999984741211,24.84000015258789,24.15999984741211,24.579999923706055,24.579999923706055,1759995,0.0,0.0
2025-11-18 00:00:00+03:00,24.540000915527344,24.860000610351562,24.3799991607666,24.420000076293945,24.420000076293945,1679423,0.0,0.0
2025-11-19 00:00:00+03:00,24.579999923706055,24.8799991607666,24.34000015258789,24.399999618530273,24.399999618530273,1661473,0.0,0.0
2025-11-20 00:00:00+03:00,24.520000457763672,24.81999969482422,24.139999389648438,24.3799991607666,24.3799991607666,1355166,0.0,0.0
2025-11-21 00:00:00+03:00,24.3799991607666,25.760000228881836,24.260000228881836,24.760000228881836,24.760000228881836,3564715,0.0,0.0
2025-11-24 00:00:00+03:00,24.760000228881836,26.260000228881836,24.760000228881836,25.520000457763672,25.520000457763672,7742507,0.0,0.0
2025-11-25 00:00:00+03:00,25.520000457763672,26.239999771118164,24.68000030517578,24.739999771118164,24.739999771118164,3796049,0.0,0.0
2025-11-26 00:00:00+03:00,24.84000015258789,25.100000381469727,24.239999771118164,24.239999771118164,24.239999771118164,2848837,0.0,0.0
2025-11-27 00:00:00+03:00,24.31999969482422,24.799999237060547,23.979999542236328,24.0,24.0,2355930,0.0,0.0
2025-11-28 00:00:00+03:00,24.0,24.1200008392334,23.5,23.559999465942383,23.559999465942383,2176762,0.0,0.0
2025-12-01 00:00:00+03:00,23.579999923706055,23.940000534057617,23.559999465942383,23.84000015258789,23.84000015258789,1493967,0.0,0.0
2025-12-02 00:00:00+03:00,23.84000015258789,24.100000381469727,23.700000762939453,23.899999618530273,23.899999618530273,1541326,0.0,0.0
2025-12-03 00:00:00+03:00,23.899999618530273,24.100000381469727,23.6200008392334,23.68000030517578,23.68000030517578,1500499,0.0,0.0
2025-12-04 00:00:00+03:00,23.81999969482422,24.479999542236328,23.459999084472656,23.540000915527344,23.540000915527344,2624760,0.0,0.0
2025-12-05 00:00:00+03:00,23.540000915527344,23.780000686645508,23.5,23.700000762939453,23.700000762939453,1241577,0.0,0.0
2025-12-08 00:00:00+03:00,23.81999969482422,24.020000457763672,23.719999313354492,23.760000228881836,23.760000228881836,1586344,0.0,0.0
2025-12-09 00:00:00+03:00,23.84000015258789,23.979999542236328,23.65999984741211,23.860000610351562,23.860000610351562,1273114,0.0,0.0
2025-12-10 00:00:00+03:00,23.860000610351562,24.200000762939453,23.84000015258789,23.860000610351562,23.860000610351562,1997111,0.0,0.0
2025-12-11 00:00:00+03:00,23.959999084472656,24.579999923706055,23.920000076293945,24.139999389648438,24.139999389648438,2871417,0.0,0.0
2025-12-12 00:00:00+03:00,24.219999313354492,24.34000015258789,23.979999542236328,24.18000030517578,24.18000030517578,2504712,0.0,0.0
2025-12-15 00:00:00+03:00,24.219999313354492,24.360000610351562,24.059999465942383,24.15999984741211,24.15999984741211,2110210,0.0,0.0
2025-12-16 00:00:00+03:00,24.18000030517578,24.299999237060547,23.84000015258789,23.899999618530273,23.899999618530273,1752712,0.0,0.0
2025-12-17 00:00:00+03:00,24.100000381469727,24.100000381469727,23.65999984741211,23.700000762939453,23.700000762939453,1857417,0.0,0.0
2025-12-18 00:00:00+03:00,23.719999313354492,23.8799991607666,23.68000030517578,23.760000228881836,23.760000228881836,1462526,0.0,0.0
2025-12-19 00:00:00+03:00,23.780000686645508,23.8799991607666,23.600000381469727,23.700000762939453,23.700000762939453,1422660,0.0,0.0
2025-12-22 00:00:00+03:00,23.799999237060547,23.959999084472656,23.239999771118164,23.420000076293945,23.420000076293945,1762591,0.0,0.0
2025-12-23 00:00:00+03:00,23.459999084472656,23.5,23.200000762939453,23.219999313354492,23.219999313354492,1220324,0.0,0.0
2025-12-24 00:00:00+03:00,23.219999313354492,23.479999542236328,23.100000381469727,23.200000762939453,23.200000762939453,1374984,0.0,0.0
2025-12-25 00:00:00+03:00,23.059999465942383,23.459999084472656,23.059999465942383,23.100000381469727,23.100000381469727,1164943,0.0,0.0
2025-12-26 00:00:00+03:00,23.1200008392334,23.280000686645508,22.8799991607666,23.020000457763672,23.020000457763672,1553387,0.0,0.0
2025-12-29 00:00:00+03:00,23.020000457763672,23.1200008392334,22.65999984741211,22.65999984741211,22.65999984741211,1576100,0.0,0.0
2025-12-30 00:00:00+03:00,22.780000686645508,22.84000015258789,22.420000076293945,22.6200008392334,22.6200008392334,1372382,0.0,0.0
2025-12-31 00:00:00+03:00,22.579999923706055,23.479999542236328,22.579999923706055,22.899999618530273,22.899999618530273,1753770,0.0,0.0
2026-01-02 00:00:00+03:00,22.959999084472656,23.420000076293945,22.940000534057617,23.34000015258789,23.34000015258789,1037106,0.0,0.0
2026-01-05 00:00:00+03:00,23.399999618530273,23.520000457763672,23.200000762939453,23.479999542236328,23.479999542236328,1719923,0.0,0.0
2026-01-06 00:00:00+03:00,23.579999923706055,23.700000762939453,23.420000076293945,23.6200008392334,23.6200008392334,1271465,0.0,0.0
2026-01-07 00:00:00+03:00,23.719999313354492,23.739999771118164,23.059999465942383,23.139999389648438,23.139999389648438,1282522,0.0,0.0
2026-01-08 00:00:00+03:00,23.139999389648438,23.299999237060547,22.5,22.979999542236328,22.979999542236328,1994617,0.0,0.0
2026-01-09 00:00:00+03:00,23.040000915527344,23.139999389648438,22.8799991607666,23.1200008392334,23.1200008392334,1334151,0.0,0.0
2026-01-12 00:00:00+03:00,23.1200008392334,23.459999084472656,23.1200008392334,23.139999389648438,23.139999389648438,1397119,0.0,0.0
2026-01-13 00:00:00+03:00,23.139999389648438,23.420000076293945,23.100000381469727,23.299999237060547,23.299999237060547,1421102,0.0,0.0
2026-01-14 00:00:00+03:00,23.31999969482422,23.520000457763672,23.100000381469727,23.1200008392334,23.1200008392334,2247489,0.0,0.0
2026-01-15 00:00:00+03:00,23.0,24.81999969482422,22.8799991607666,24.219999313354492,24.219999313354492,7879489,0.0,0.0
2026-01-16 00:00:00+03:00,24.31999969482422,25.1200008392334,24.100000381469727,24.639999389648438,24.639999389648438,5703066,0.0,0.0
2026-01-19 00:00:00+03:00,26.1200008392334,26.479999542236328,25.420000076293945,25.479999542236328,25.479999542236328,9007942,0.0,0.0
2026-01-20 00:00:00+03:00,25.6200008392334,26.399999618530273,25.280000686645508,25.540000915527344,25.540000915527344,4863034,0.0,0.0
2026-01-21 00:00:00+03:00,25.700000762939453,26.0,25.200000762939453,25.579999923706055,25.579999923706055,3339674,0.0,0.0
2026-01-22 00:00:00+03:00,25.639999389648438,25.899999618530273,25.420000076293945,25.68000030517578,25.68000030517578,2898339,0.0,0.0
2026-01-23 00:00:00+03:00,25.739999771118164,26.059999465942383,25.479999542236328,25.639999389648438,25.639999389648438,3507468,0.0,0.0
2026-01-26 00:00:00+03:00,25.639999389648438,25.799999237060547,25.420000076293945,25.799999237060547,25.799999237060547,3321823,0.0,0.0
2026-01-27 00:00:00+03:00,25.860000610351562,26.780000686645508,25.520000457763672,26.700000762939453,26.700000762939453,8413995,0.0,0.0
2026-01-28 00:00:00+03:00,27.0,28.5,26.5,26.600000381469727,26.600000381469727,13253070,0.0,0.0
2026-01-29 00:00:00+03:00,26.600000381469727,26.8799991607666,25.8799991607666,25.899999618530273,25.899999618530273,5712352,0.0,0.0
2026-01-30 00:00:00+03:00,25.899999618530273,26.059999465942383,25.200000762939453,25.540000915527344,25.540000915527344,2802085,0.0,0.0
2026-02-02 00:00:00+03:00,24.899999618530273,25.420000076293945,24.700000762939453,25.079999923706055,25.079999923706055,2456062,0.0,0.0
2026-02-03 00:00:00+03:00,25.100000381469727,25.780000686645508,25.100000381469727,25.34000015258789,25.34000015258789,2513970,0.0,0.0
2026-02-04 00:00:00+03:00,25.399999618530273,25.959999084472656,25.399999618530273,25.540000915527344,25.540000915527344,2594673,0.0,0.0
2026-02-05 00:00:00+03:00,25.540000915527344,25.700000762939453,25.0,25.059999465942383,25.059999465942383,2507493,0.0,0.0
2026-02-06 00:00:00+03:00,24.8799991607666,25.079999923706055,24.479999542236328,24.700000762939453,24.700000762939453,2599974,0.0,0.0
2026-02-09 00:00:00+03:00,24.860000610351562,26.100000381469727,24.81999969482422,26.079999923706055,26.079999923706055,3083630,0.0,0.0
2026-02-10 00:00:00+03:00,26.079999923706055,26.18000030517578,25.479999542236328,25.639999389648438,25.639999389648438,2508800,0.0,0.0
2026-02-11 00:00:00+03:00,25.6200008392334,25.760000228881836,25.440000534057617,25.579999923706055,25.579999923706055,1878025,0.0,0.0
2026-02-12 00:00:00+03:00,25.420000076293945,26.1200008392334,25.420000076293945,26.079999923706055,26.079999923706055,3546514,0.0,0.0
2026-02-13 00:00:00+03:00,26.079999923706055,26.239999771118164,25.739999771118164,26.059999465942383,26.059999465942383,2971151,0.0,0.0
2026-02-16 00:00:00+03:00,26.100000381469727,27.020000457763672,26.100000381469727,26.700000762939453,26.700000762939453,5079778,0.0,0.0
2026-02-17 00:00:00+03:00,26.700000762939453,27.18000030517578,26.540000915527344,26.959999084472656,26.959999084472656,3658595,0.0,0.0
2026-02-18 00:00:00+03:00,26.899999618530273,26.899999618530273,25.559999465942383,25.700000762939453,25.700000762939453,4974043,0.0,0.0
2026-02-19 00:00:00+03:00,25.81999969482422,25.8799991607666,23.600000381469727,23.780000686645508,23.780000686645508,4766413,0.0,0.0
2026-02-20 00:00:00+03:00,24.440000534057617,24.440000534057617,23.739999771118164,24.139999389648438,24.139999389648438,3330075,0.0,0.0
2026-02-23 00:00:00+03:00,24.31999969482422,25.260000228881836,24.31999969482422,24.3799991607666,24.3799991607666,3634771,0.0,0.0
2026-02-24 00:00:00+03:00,24.559999465942383,24.639999389648438,24.1200008392334,24.280000686645508,24.280000686645508,1495012,0.0,0.0
2026-02-25 00:00:00+03:00,24.31999969482422,24.440000534057617,23.559999465942383,23.639999389648438,23.639999389648438,2231739,0.0,0.0
2026-02-26 00:00:00+03:00,23.979999542236328,23.979999542236328,23.600000381469727,23.65999984741211,23.65999984741211,1410762,0.0,0.0
2026-02-27 00:00:00+03:00,23.700000762939453,25.200000762939453,23.399999618530273,23.799999237060547,23.799999237060547,2989993,0.0,0.0
2026-03-02 00:00:00+03:00,21.700000762939453,23.0,21.6200008392334,22.559999465942383,22.559999465942383,4283295,0.0,0.0
2026-03-03 00:00:00+03:00,22.479999542236328,22.8799991607666,22.079999923706055,22.079999923706055,22.079999923706055,2379878,0.0,0.0
2026-03-04 00:00:00+03:00,22.260000228881836,22.559999465942383,22.040000915527344,22.260000228881836,22.260000228881836,2264642,0.0,0.0
2026-03-05 00:00:00+03:00,22.299999237060547,22.739999771118164,22.299999237060547,22.520000457763672,22.520000457763672,1573443,0.0,0.0
2026-03-06 00:00:00+03:00,22.520000457763672,22.68000030517578,21.979999542236328,22.079999923706055,22.079999923706055,1914103,0.0,0.0
2026-03-09 00:00:00+03:00,22.079999923706055,22.079999923706055,21.239999771118164,21.920000076293945,21.920000076293945,2470894,0.0,0.0
2026-03-10 00:00:00+03:00,22.280000686645508,22.860000610351562,22.18000030517578,22.639999389648438,22.639999389648438,3380507,0.0,0.0
2026-03-11 00:00:00+03:00,22.520000457763672,22.719999313354492,22.219999313354492,22.420000076293945,22.420000076293945,1680071,0.0,0.0
2026-03-12 00:00:00+03:00,22.399999618530273,22.899999618530273,22.34000015258789,22.459999084472656,22.459999084472656,2272335,0.0,0.0
2026-03-13 00:00:00+03:00,22.459999084472656,22.459999084472656,22.100000381469727,22.15999984741211,22.15999984741211,1895675,0.0,0.0
2026-03-16 00:00:00+03:00,22.219999313354492,22.6200008392334,22.219999313354492,22.219999313354492,22.219999313354492,2176458,0.0,0.0
2026-03-17 00:00:00+03:00,22.3799991607666,22.6200008392334,22.040000915527344,22.399999618530273,22.399999618530273,2301121,0.0,0.0
2026-03-18 00:00:00+03:00,22.520000457763672,22.639999389648438,22.280000686645508,22.299999237060547,22.299999237060547,1976081,0.0,0.0
2026-03-19 00:00:00+03:00,22.5,22.5,22.18000030517578,22.360000610351562,22.360000610351562,752172,0.0,0.0
2026-03-23 00:00:00+03:00,22.299999237060547,22.65999984741211,21.719999313354492,22.420000076293945,22.420000076293945,3144441,0.0,0.0
2026-03-24 00:00:00+03:00,22.5,22.639999389648438,22.260000228881836,22.31999969482422,22.31999969482422,1745176,0.0,0.0
2026-03-25 00:00:00+03:00,22.559999465942383,22.84000015258789,22.34000015258789,22.34000015258789,22.34000015258789,3152479,0.0,0.0
2026-03-26 00:00:00+03:00,22.280000686645508,23.280000686645508,22.280000686645508,22.860000610351562,22.860000610351562,4992386,0.0,0.0
2026-03-27 00:00:00+03:00,22.899999618530273,23.079999923706055,22.239999771118164,22.31999969482422,22.31999969482422,2548944,0.0,0.0
2026-03-30 00:00:00+03:00,22.5,23.920000076293945,22.0,23.020000457763672,23.020000457763672,6023868,0.0,0.0
2026-03-31 00:00:00+03:00,23.1200008392334,23.760000228881836,23.059999465942383,23.399999618530273,23.399999618530273,3544900,0.0,0.0
2026-04-01 00:00:00+03:00,23.600000381469727,24.020000457763672,23.360000610351562,23.700000762939453,23.700000762939453,4066780,0.0,0.0
2026-04-02 00:00:00+03:00,23.600000381469727,23.84000015258789,23.260000228881836,23.68000030517578,23.68000030517578,3023028,0.0,0.0
2026-04-03 00:00:00+03:00,23.700000762939453,26.040000915527344,23.600000381469727,26.040000915527344,26.040000915527344,11367731,0.0,0.0
2026-04-06 00:00:00+03:00,26.5,28.639999389648438,26.100000381469727,27.34000015258789,27.34000015258789,38866611,0.0,0.0
2026-04-07 00:00:00+03:00,27.34000015258789,27.760000228881836,24.6200008392334,24.6200008392334,24.6200008392334,31853367,0.0,0.0
2026-04-08 00:00:00+03:00,25.1200008392334,26.5,25.1200008392334,26.5,26.5,11251434,0.0,0.0
2026-04-09 00:00:00+03:00,26.5,27.8799991607666,23.860000610351562,23.860000610351562,23.860000610351562,101671306,0.0,0.0
2026-04-10 00:00:00+03:00,23.719999313354492,24.139999389648438,23.600000381469727,23.719999313354492,23.719999313354492,10981238,0.0,0.0
2026-04-13 00:00:00+03:00,23.520000457763672,23.639999389648438,23.100000381469727,23.219999313354492,23.219999313354492,5873896,0.0,0.0
2026-04-14 00:00:00+03:00,23.260000228881836,23.700000762939453,23.260000228881836,23.479999542236328,23.479999542236328,5588463,0.0,0.0
2026-04-15 00:00:00+03:00,23.68000030517578,23.8799991607666,23.3799991607666,23.639999389648438,23.639999389648438,5942044,0.0,0.0
2026-04-16 00:00:00+03:00,23.639999389648438,24.020000457763672,23.399999618530273,23.479999542236328,23.479999542236328,5353717,0.0,0.0
2026-04-17 00:00:00+03:00,23.579999923706055,23.899999618530273,23.459999084472656,23.860000610351562,23.860000610351562,5745215,0.0,0.0
2026-04-20 00:00:00+03:00,23.65999984741211,24.34000015258789,23.559999465942383,24.100000381469727,24.100000381469727,7819938,0.0,0.0
2026-04-21 00:00:00+03:00,24.139999389648438,24.299999237060547,23.739999771118164,23.760000228881836,23.760000228881836,5024210,0.0,0.0
2026-04-22 00:00:00+03:00,23.940000534057617,24.0,23.600000381469727,23.799999237060547,23.799999237060547,3242750,0.0,0.0
2026-04-24 00:00:00+03:00,23.799999237060547,23.799999237060547,23.479999542236328,23.799999237060547,23.799999237060547,3216558,0.0,0.0
2026-04-27 00:00:00+03:00,23.799999237060547,24.239999771118164,23.799999237060547,24.0,24.0,4683689,0.0,0.0
2026-04-28 00:00:00+03:00,23.959999084472656,24.260000228881836,23.559999465942383,23.579999923706055,23.579999923706055,4379461,0.0,0.0
2026-04-29 00:00:00+03:00,23.68000030517578,24.5,23.440000534057617,24.260000228881836,24.260000228881836,8015699,0.0,0.0
2026-04-30 00:00:00+03:00,24.280000686645508,24.399999618530273,23.959999084472656,24.200000762939453,24.200000762939453,4906025,0.0,0.0
2026-05-04 00:00:00+03:00,24.079999923706055,24.399999618530273,23.700000762939453,23.940000534057617,23.940000534057617,5075593,0.0,0.0
2026-05-05 00:00:00+03:00,23.959999084472656,24.239999771118164,23.760000228881836,24.079999923706055,24.079999923706055,4804679,0.0,0.0
2026-05-06 00:00:00+03:00,24.18000030517578,25.1200008392334,24.139999389648438,24.639999389648438,24.639999389648438,9219837,0.0,0.0
2026-05-07 00:00:00+03:00,24.780000686645508,25.940000534057617,24.559999465942383,25.940000534057617,25.940000534057617,7017445,0.0,0.0
2026-05-08 00:00:00+03:00,25.899999618530273,26.200000762939453,25.5,25.780000686645508,25.780000686645508,6888791,0.0,0.0
2026-05-11 00:00:00+03:00,26.0,26.780000686645508,25.860000610351562,26.3799991607666,26.3799991607666,7124552,0.0,0.0
2026-05-12 00:00:00+03:00,26.3799991607666,26.459999084472656,24.700000762939453,24.700000762939453,24.700000762939453,6441168,0.0,0.0
2026-05-13 00:00:00+03:00,25.0,25.34000015258789,24.239999771118164,24.760000228881836,24.760000228881836,7868853,0.0,0.0
2026-05-14 00:00:00+03:00,24.799999237060547,25.299999237060547,24.780000686645508,25.0,25.0,3362188,0.0,0.0
2026-05-15 00:00:00+03:00,24.799999237060547,25.15999984741211,24.5,24.84000015258789,24.84000015258789,5320873,0.0,0.0
2026-05-18 00:00:00+03:00,24.84000015258789,25.0,24.31999969482422,24.579999923706055,24.579999923706055,4956395,0.0,0.0
2026-05-20 00:00:00+03:00,24.579999923706055,24.65999984741211,23.780000686645508,24.0,24.0,5273239,0.0,0.0
2026-05-21 00:00:00+03:00,24.040000915527344,24.15999984741211,22.84000015258789,23.0,23.0,4001932,0.0,0.0
2026-05-22 00:00:00+03:00,22.719999313354492,23.84000015258789,22.719999313354492,23.780000686645508,23.780000686645508,5807155,0.0,0.0
2026-05-25 00:00:00+03:00,24.0,24.360000610351562,23.700000762939453,24.18000030517578,24.18000030517578,3597589,0.0,0.0
2026-05-26 00:00:00+03:00,24.15999984741211,24.65999984741211,24.020000457763672,24.280000686645508,24.280000686645508,1443432,0.0,0.0
2026-05-27 00:00:00+03:00,24.280000686645508,24.280000686645508,24.280000686645508,24.280000686645508,24.280000686645508,0,0.0,0.0
2026-05-28 00:00:00+03:00,24.280000686645508,24.280000686645508,24.280000686645508,24.280000686645508,24.280000686645508,0,0.0,0.0
2026-05-29 00:00:00+03:00,24.280000686645508,24.280000686645508,24.280000686645508,24.280000686645508,24.280000686645508,0,0.0,0.0
2026-06-01 00:00:00+03:00,24.399999618530273,25.219999313354492,24.399999618530273,24.65999984741211,24.65999984741211,6209326,0.0,0.0
2026-06-02 00:00:00+03:00,24.860000610351562,25.18000030517578,24.760000228881836,25.100000381469727,25.100000381469727,4437290,0.0,0.0
2026-06-03 00:00:00+03:00,25.1200008392334,25.84000015258789,24.860000610351562,24.959999084472656,24.959999084472656,6565594,0.0,0.0
2026-06-04 00:00:00+03:00,25.1200008392334,26.440000534057617,25.079999923706055,26.0,26.0,13163163,0.0,0.0
2026-06-05 00:00:00+03:00,26.3799991607666,27.100000381469727,25.459999084472656,26.200000762939453,26.200000762939453,10577571,0.0,0.0
2026-06-08 00:00:00+03:00,25.860000610351562,26.600000381469727,25.5,26.0,26.0,5864717,0.0,0.0
2026-06-09 00:00:00+03:00,26.139999389648438,26.260000228881836,24.579999923706055,24.799999237060547,24.799999237060547,5439981,0.0,0.0
2026-06-10 00:00:00+03:00,24.760000228881836,24.780000686645508,23.719999313354492,23.8799991607666,23.8799991607666,4544407,0.0,0.0
2026-06-11 00:00:00+03:00,23.8799991607666,24.299999237060547,23.219999313354492,23.399999618530273,23.399999618530273,5460973,0.0,0.0
2026-06-12 00:00:00+03:00,23.700000762939453,24.139999389648438,23.420000076293945,23.639999389648438,23.639999389648438,3478026,0.0,0.0
2026-06-15 00:00:00+03:00,24.1200008392334,24.299999237060547,23.959999084472656,24.0,24.0,3130444,0.0,0.0
2026-06-16 00:00:00+03:00,24.1200008392334,24.360000610351562,23.959999084472656,24.059999465942383,24.059999465942383,2155323,0.0,0.0
2026-06-17 00:00:00+03:00,24.079999923706055,24.81999969482422,23.979999542236328,24.299999237060547,24.299999237060547,3665380,0.0,0.0
2026-06-18 00:00:00+03:00,24.31999969482422,25.799999237060547,24.299999237060547,25.139999389648438,25.139999389648438,8372203,0.0,0.0
2026-06-19 00:00:00+03:00,25.15999984741211,25.260000228881836,24.6200008392334,24.700000762939453,24.700000762939453,3447379,0.0,0.0
2026-06-22 00:00:00+03:00,24.719999313354492,25.479999542236328,24.68000030517578,25.34000015258789,25.34000015258789,3242452,0.0,0.0
2026-06-23 00:00:00+03:00,25.0,25.65999984741211,24.719999313354492,25.239999771118164,25.239999771118164,3421619,0.0,0.0
2026-06-24 00:00:00+03:00,25.399999618530273,25.399999618530273,24.6200008392334,24.6200008392334,24.6200008392334,2434468,0.0,0.0
2026-06-25 00:00:00+03:00,24.719999313354492,25.200000762939453,24.31999969482422,24.34000015258789,24.34000015258789,2903912,0.0,0.0
2026-06-26 00:00:00+03:00,24.34000015258789,25.020000457763672,23.920000076293945,24.0,24.0,2771141,0.0,0.0
2026-06-29 00:00:00+03:00,24.0,24.360000610351562,24.0,24.020000457763672,24.020000457763672,2272542,0.0,0.0
2026-06-30 00:00:00+03:00,24.15999984741211,24.479999542236328,23.81999969482422,23.899999618530273,23.899999618530273,2890541,0.0,0.0
2026-07-01 00:00:00+03:00,23.84000015258789,24.260000228881836,23.780000686645508,23.860000610351562,23.860000610351562,2968476,0.0,0.0
2026-07-02 00:00:00+03:00,23.799999237060547,24.100000381469727,23.459999084472656,23.5,23.5,2474173,0.0,0.0
2026-07-03 00:00:00+03:00,23.559999465942383,23.68000030517578,23.260000228881836,23.31999969482422,23.31999969482422,2026621,0.0,0.0
2026-07-06 00:00:00+03:00,23.459999084472656,23.639999389648438,23.299999237060547,23.299999237060547,23.299999237060547,1940861,0.0,0.0
2026-07-07 00:00:00+03:00,23.360000610351562,23.459999084472656,23.059999465942383,23.219999313354492,23.219999313354492,2092227,0.0,0.0
2026-07-08 00:00:00+03:00,23.219999313354492,23.260000228881836,22.200000762939453,22.219999313354492,22.219999313354492,3142158,0.0,0.0
2026-07-09 00:00:00+03:00,22.280000686645508,22.479999542236328,21.6200008392334,21.799999237060547,21.799999237060547,2664142,0.0,0.0
2026-07-10 00:00:00+03:00,21.940000534057617,22.219999313354492,21.8799991607666,22.020000457763672,22.020000457763672,2012738,0.0,0.0
2026-07-13 00:00:00+03:00,22.079999923706055,23.239999771118164,22.020000457763672,22.399999618530273,22.399999618530273,4815847,0.0,0.0
2026-07-14 00:00:00+03:00,22.1200008392334,22.360000610351562,22.059999465942383,22.079999923706055,22.079999923706055,2392660,0.0,0.0
2026-07-16 00:00:00+03:00,22.18000030517578,22.479999542236328,22.1200008392334,22.260000228881836,22.260000228881836,2571113,0.0,0.0
2026-07-17 00:00:00+03:00,22.299999237060547,22.31999969482422,21.899999618530273,22.020000457763672,22.020000457763672,2302262,0.0,0.0
2026-07-20 00:00:00+03:00,22.139999389648438,22.34000015258789,21.979999542236328,22.020000457763672,22.020000457763672,2381893,0.0,0.0
2026-07-21 00:00:00+03:00,22.18000030517578,22.260000228881836,22.0,22.059999465942383,22.059999465942383,2286932,0.0,0.0
2026-07-22 00:00:00+03:00,22.059999465942383,22.239999771118164,21.739999771118164,21.899999618530273,21.899999618530273,2504159,0.0,0.0
2026-07-23 00:00:00+03:00,21.959999084472656,22.139999389648438,21.8799991607666,21.8799991607666,21.8799991607666,1960381,0.0,0.0
2026-07-24 00:00:00+03:00,21.959999084472656,21.959999084472656,21.6200008392334,21.65999984741211,21.65999984741211,2284957,0.0,0.0
2026-07-27 00:00:00+03:00,21.860000610351562,21.940000534057617,21.260000228881836,21.34000015258789,21.34000015258789,3348139,0.0,0.0
2026-07-28 00:00:00+03:00,21.3799991607666,21.68000030517578,21.18000030517578,21.31999969482422,21.31999969482422,2294370,0.0,0.0
2026-07-29 00:00:00+03:00,21.31999969482422,21.399999618530273,20.780000686645508,20.780000686645508,20.780000686645508,2520387,0.0,0.0
2026-07-30 00:00:00+03:00,20.799999237060547,20.920000076293945,20.440000534057617,20.440000534057617,20.440000534057617,1623598,0.0,0.0
2026-07-31 00:00:00+03:00,20.479999542236328,20.8799991607666,20.360000610351562,20.6200008392334,20.6200008392334,2189549,0.0,0.0
2026-08-03 00:00:00+03:00,20.899999618530273,21.239999771118164,20.559999465942383,20.760000228881836,20.760000228881836,2165808,0.0,0.0
2026-08-04 00:00:00+03:00,21.0,21.079999923706055,20.760000228881836,20.979999542236328,20.979999542236328,1259859,0.0,0.0
2026-08-05 00:00:00+03:00,21.0,21.139999389648438,20.68000030517578,20.68000030517578,20.68000030517578,1470348,0.0,0.0
2026-08-06 00:00:00+03:00,20.760000228881836,21.15999984741211,20.700000762939453,20.959999084472656,20.959999084472656,2016868,0.0,0.0
2026-08-07 00:00:00+03:00,20.81999969482422,23.040000915527344,20.81999969482422,22.200000762939453,22.200000762939453,9533099,0.0,0.0
2026-08-10 00:00:00+03:00,22.079999923706055,22.579999923706055,21.81999969482422,21.940000534057617,21.940000534057617,3116328,0.0,0.0
2026-08-11 00:00:00+03:00,21.940000534057617,21.940000534057617,20.899999618530273,20.959999084472656,20.959999084472656,3695395,0.0,0.0
2026-08-12 00:00:00+03:00,20.959999084472656,21.139999389648438,20.899999618530273,20.899999618530273,20.899999618530273,1738627,0.0,0.0
2026-08-13 00:00:00+03:00,20.899999618530273,21.200000762939453,20.899999618530273,20.959999084472656,20.959999084472656,1432988,0.0,0.0
2026-08-14 00:00:00+03:00,21.059999465942383,21.260000228881836,20.920000076293945,20.979999542236328,20.979999542236328,2039876,0.0,0.0
2026-08-17 00:00:00+03:00,21.15999984741211,21.34000015258789,21.020000457763672,21.200000762939453,21.200000762939453,2022017,0.0,0.0
2026-08-18 00:00:00+03:00,21.139999389648438,21.200000762939453,20.81999969482422,20.84000015258789,20.84000015258789,1855672,0.0,0.0
2026-08-19 00:00:00+03:00,20.780000686645508,21.040000915527344,20.700000762939453,21.0,21.0,1432738,0.0,0.0
2026-08-20 00:00:00+03:00,21.020000457763672,21.15999984741211,20.739999771118164,20.959999084472656,20.959999084472656,1688531,0.0,0.0
2026-08-21 00:00:00+03:00,20.979999542236328,21.18000030517578,20.81999969482422,21.15999984741211,21.15999984741211,3417894,0.0,0.0
2026-08-24 00:00:00+03:00,21.299999237060547,21.459999084472656,21.139999389648438,21.139999389648438,21.139999389648438,2131496,0.0,0.0
2026-08-25 00:00:00+03:00,21.18000030517578,22.399999618530273,21.1200008392334,21.600000381469727,21.600000381469727,7688723,0.0,0.0
2026-08-26 00:00:00+03:00,21.600000381469727,22.780000686645508,21.5,22.399999618530273,22.399999618530273,6679998,0.0,0.0
2026-08-27 00:00:00+03:00,22.100000381469727,22.600000381469727,22.079999923706055,22.1200008392334,22.1200008392334,3467164,0.0,0.0
2026-08-28 00:00:00+03:00,22.200000762939453,23.0,22.1200008392334,23.0,23.0,4584810,0.0,0.0
2026-08-31 00:00:00+03:00,22.8799991607666,23.0,21.68000030517578,21.68000030517578,21.68000030517578,3811041,0.0,0.0
2026-09-01 00:00:00+03:00,21.8799991607666,22.299999237060547,21.399999618530273,21.6200008392334,21.6200008392334,3631124,0.0,0.0
2026-09-02 00:00:00+03:00,21.920000076293945,22.34000015258789,21.440000534057617,22.100000381469727,22.100000381469727,4668860,0.0,0.0
2026-09-03 00:00:00+03:00,22.399999618530273,22.459999084472656,21.899999618530273,22.100000381469727,22.100000381469727,2900726,0.0,0.0
2026-09-04 00:00:00+03:00,22.100000381469727,22.260000228881836,21.81999969482422,21.979999542236328,21.979999542236328,2725439,0.0,0.0
2026-09-07 00:00:00+03:00,22.059999465942383,22.739999771118164,22.020000457763672,22.079999923706055,22.079999923706055,5295774,0.0,0.0
2026-09-08 00:00:00+03:00,22.100000381469727,22.280000686645508,21.780000686645508,22.18000030517578,22.18000030517578,3404965,0.0,0.0
2026-09-09 00:00:00+03:00,22.18000030517578,22.579999923706055,22.0,22.15999984741211,22.15999984741211,4207410,0.0,0.0
2026-09-10 00:00:00+03:00,22.18000030517578,22.440000534057617,22.020000457763672,22.139999389648438,22.139999389648438,1083792,0.0,0.0
